,x,y
0,0.0,248.91710880430603
1,0.5025125628140703,277.56560089744727
2,1.0050251256281406,305.3915195904259
3,1.507537688442211,332.10928130597216
4,2.0100502512562812,357.4424536244233
5,2.5125628140703515,381.1276800868406
6,3.015075376884422,402.91843298615623
7,3.517587939698492,422.5885411992115
8,4.0201005025125625,439.93544325860677
9,4.522613065326633,454.7831197110874
10,5.025125628140703,466.98466330458024
11,5.527638190954773,476.42445062569936
12,6.030150753768844,483.01988440201507
13,6.532663316582914,486.72268170992214
14,7.035175879396984,487.5196897046599
15,7.537688442211055,485.4332171241867
16,8.040201005025125,480.52087661973263
17,8.542713567839195,472.8749398372058
18,9.045226130653266,462.6212140184268
19,9.547738693467336,449.9174556130403
20,10.050251256281406,434.95134289623724
21,10.552763819095476,417.93803578253187
22,11.055276381909547,399.1173568245234
23,11.557788944723617,378.7506327061953
24,12.060301507537687,357.11724030792396
25,12.562814070351758,334.5109055678676
26,13.065326633165828,311.23580683337195
27,13.567839195979898,287.6025371376305
28,14.070351758793969,263.92398181247086
29,14.572864321608039,240.51116902999289
30,15.07537688442211,217.66915123724263
31,15.57788944723618,195.69297500394015
32,16.08040201005025,174.86379554977356
33,16.58291457286432,155.44519017259358
34,17.08542713567839,137.6797219908208
35,17.587939698492463,121.78580188207721
36,18.09045226130653,107.95489229522832
37,18.5929648241206,96.34909179391906
38,19.09547738693467,87.09913382419754
39,19.597989949748744,80.30282736252272
40,20.100502512562812,76.0239608755835
41,20.60301507537688,74.29168449758973
42,21.105527638190953,75.10037859596852
43,21.608040201005025,78.4100100475743
44,22.110552763819094,84.14697068107594
45,22.613065326633162,92.20538555384297
46,23.115577889447234,102.44887211900769
47,23.618090452261306,114.71272499358884
48,24.120603015075375,128.80649505097873
49,24.623115577889443,144.51692601505763
50,25.125628140703515,161.61120670681595
51,25.628140703517587,179.84049265842768
52,26.130653266331656,198.9436470266929
53,26.633165829145725,218.65114766092265
54,27.135678391959797,238.68910485300208
55,27.63819095477387,258.7833327522888
56,28.140703517587937,278.66341668693235
57,28.643216080402006,298.0667187065372
58,29.145728643216078,316.7422645477796
59,29.64824120603015,334.45445691211097
60,30.15075376884422,350.98656240921906
61,30.653266331658287,366.1439227267336
62,31.15577889447236,379.7568444905366
63,31.65829145728643,391.6831268259509
64,32.1608040201005,401.81019075394016
65,32.66331658291457,410.0567801860599
66,33.16582914572864,416.37421033789417
67,33.66834170854271,420.7471457777528
68,34.17085427135678,423.1938969753323
69,34.67336683417085,423.7662310201633
70,35.175879396984925,422.5486990460797
71,35.678391959798994,419.65748972887485
72,36.18090452261306,415.23882492348525
73,36.68341708542713,409.46691998005605
74,37.1859296482412,402.5415374338533
75,37.688442211055275,394.6851685154424
76,38.19095477386934,386.13988219379803
77,38.69346733668341,377.1638861717811
78,39.19597989949749,368.02784833441893
79,39.698492462311556,359.01103054806634
80,40.201005025125625,350.3972893749383
81,40.70351758793969,342.4710001650773
82,41.20603015075376,335.5129620897546
83,41.70854271356784,329.79634197107146
84,42.211055276381906,325.5827142379622
85,42.713567839195974,323.1182530062529
86,43.21608040201005,322.6301301586539
87,43.71859296482412,324.3231704193737
88,44.22110552763819,328.3768108180144
89,44.723618090452256,334.94240766920734
90,45.226130653266324,344.14092931815884
91,45.7286432160804,356.06106748656396
92,46.23115577889447,370.75779417446
93,46.73366834170854,388.2513848143219
94,47.23618090452261,408.5269218221767
95,47.73869346733668,431.5342859390085
96,48.24120603015075,457.18863589931834
97,48.74371859296482,485.3713700989294
98,49.24623115577889,515.9315571576964
99,49.74874371859296,548.6878156801127
100,50.25125628140703,583.4306172007258
101,50.7537688442211,619.9249803507935
102,51.256281407035175,657.9135187814618
103,51.75879396984924,697.1198004044539
104,52.26130653266331,737.2519711338817
105,52.76381909547738,778.0065925939188
106,53.26633165829145,819.0726402491788
107,53.768844221105525,860.135606159975
108,54.27135678391959,900.881649095046
109,54.77386934673366,941.0017340704517
110,55.27638190954774,980.1957035345267
111,55.778894472361806,1018.1762233829296
112,56.281407035175874,1054.6725487513143
113,56.78391959798994,1089.4340570711406
114,57.28643216080401,1122.2334991509354
115,57.78894472361809,1152.8699230146574
116,58.291457286432156,1181.171229834909
117,58.793969849246224,1206.9963264766045
118,59.2964824120603,1230.2368448434756
119,59.79899497487437,1250.8184043154722
120,60.30150753768844,1268.7013999938906
121,60.804020100502505,1283.881306142318
122,61.306532663316574,1296.3884910313245
123,61.80904522613065,1306.2875462671723
124,62.31155778894472,1313.6761405128564
125,62.81407035175879,1318.6834141973914
126,63.31658291457286,1321.4679382622219
127,63.81909547738693,1322.2152661210719
128,64.321608040201,1321.135113725191
129,64.82412060301507,1318.458207849294
130,65.32663316582914,1314.4328473709802
131,65.82914572864321,1309.321226342489
132,66.33165829145727,1303.3955709916027
133,66.83417085427135,1296.9341453913537
134,67.33668341708542,1290.217182369335
135,67.83919597989949,1283.5227972610298
136,68.34170854271356,1277.122942333206
137,68.84422110552764,1271.27945910994
138,69.3467336683417,1266.2402844336598
139,69.84924623115577,1262.2358639064832
140,70.35175879396985,1259.475823413934
141,70.85427135678391,1258.1459457753397
142,71.35678391959799,1258.4054952444308
143,71.85929648241205,1260.3849276607648
144,72.36180904522612,1264.1840185970004
145,72.8643216080402,1269.8704359356327
146,73.36683417085426,1277.4787770248906
147,73.86934673366834,1287.0100839956615
148,74.3718592964824,1298.4318440620984
149,74.87437185929647,1311.6784747732793
150,75.37688442211055,1326.6522873284755
151,75.87939698492461,1343.2249143109416
152,76.38190954773869,1361.2391816298164
153,76.88442211055276,1380.5113981793136
154,77.38693467336682,1400.8340308173777
155,77.8894472361809,1421.9787268156308
156,78.39195979899498,1443.6996410155662
157,78.89447236180904,1465.7370206118867
158,79.39698492462311,1487.82099683341
159,79.89949748743717,1509.6755298565527
160,80.40201005025125,1531.0224511074894
161,80.90452261306532,1551.5855457173006
162,81.40703517587939,1571.0946173095444
163,81.90954773869346,1589.2894775298594
164,82.41206030150752,1605.9238037693233
165,82.9145728643216,1620.7688103726555
166,83.41708542713567,1633.6166812330812
167,83.91959798994974,1644.2837150210744
168,84.42211055276381,1652.6131383270904
169,84.92462311557789,1658.4775466620804
170,85.42713567839195,1661.7809384883358
171,85.92964824120602,1662.4603131734223
172,86.4321608040201,1660.4868098910492
173,86.93467336683416,1655.8663709484047
174,87.43718592964824,1648.6399197087417
175,87.9396984924623,1638.8830501067196
176,88.44221105527637,1626.7052316259305
177,88.94472361809045,1612.2485404264303
178,89.44723618090451,1595.6859339788882
179,89.94974874371859,1577.219092987235
180,90.45226130653265,1557.075860472951
181,90.95477386934672,1535.5073135655407
182,91.4572864321608,1512.784508715477
183,91.95979899497486,1489.1949456450225
184,92.46231155778894,1465.0387993141617
185,92.96482412060301,1440.6249724475176
186,93.46733668341707,1416.267023697558
187,93.96984924623115,1392.2790282740204
188,94.47236180904522,1368.971428824518
189,94.97487437185929,1346.646934493296
190,95.47738693467336,1325.5965254121218
191,95.97989949748742,1306.0956183986996
192,96.4824120603015,1288.400447374674
193,96.98492462311557,1272.7447089991183
194,97.48743718592964,1259.3365202867733
195,97.98994974874371,1248.3557305957886
196,98.49246231155777,1239.9516253890256
197,98.99497487437185,1234.2410536662148
198,99.49748743718592,1231.3070050090596
199,100.0,1231.1976558615029
