peso,precio
32.91862677713643,108.64465260594922
24.70375645096906,98.88610751513976
11.91023012164451,58.05932351085439
24.16307367093689,97.06903216237305
25.837921582398884,37.24215797390815
30.49988837569555,79.15667638515595
12.307734988130717,112.65936426293459
17.122300984770195,60.094196041958185
30.750992305266067,20.726704224645903
32.63146296073094,87.69660063792364
38.03346324789645,26.592460187942386
28.027847972081183,78.67802907149022
25.899022971564914,64.64689318824163
37.919169644975206,102.80601993392085
36.198656152792935,78.01566508159048
30.468251782147533,92.02300677342753
22.240918612076392,62.892132025303994
26.731853465468134,116.4584937699459
21.540685902098303,101.2876114324117
21.00851488296344,21.53862632880013
20.161042014874923,26.03805736366275
22.878106302671203,46.13543660757273
10.091088505218934,72.79159782963028
10.11701598065531,114.85394862825788
39.86781331756517,23.225084626587215
12.284606500988174,72.19443088924683
23.10055602337399,53.02835338284604
15.593783412882107,94.91771115172703
13.653730924791184,21.532341713832086
36.95952595276388,88.26204262276038
29.7959530511225,22.415563361638984
17.912799658324204,103.57995185686892
36.86171413911784,58.19827637863914
13.586076862908786,78.45909871557194
31.859846836386115,82.96659733410408
25.206625711227097,100.91501366296004
17.301948927834424,119.06407377715233
18.530680348193545,40.9326805990349
29.43443491700938,99.63592042288857
19.275347969911245,69.7075114473964
15.890576932781752,95.91786557860777
10.527058160432736,88.35910326046168
20.116196239660113,109.1519683809786
34.761983902055576,105.50413037340444
27.004824190180702,74.17155097194345
16.710968727241728,89.60539016018114
29.169873256451496,114.15239241419877
10.923361165045351,107.42660870440827
15.291316462767679,105.73949286733483
24.68581597776812,32.47518782593367
30.060710262713133,38.385269893107726
31.58322072928191,35.018463869463275
19.132829493651023,57.908909232604024
35.548567462192764,114.43909133537137
38.29523589742124,109.78815260129657
33.9184177219504,45.318271190125046
16.149882630006275,109.55532963841137
23.923865994031345,70.82429817362978
35.22931176133234,23.86429862831775
17.731419679721405,62.52159643173066
19.632351269236683,71.2560545355162
16.149661446429608,83.35181991900069
25.033153718580508,33.15217184145442
16.589000418587954,47.147017527924504
30.765391897093366,23.796321243820465
29.80490059947117,34.49625603440512
14.113031911653927,55.196983721620136
23.196361653975995,49.11586835157432
15.475735814813813,104.27340122238837
14.099054563496821,91.64992778946248
27.81116514673131,78.74590615066744
35.031594207035425,104.51635006871719
39.538218695543954,106.28406726819814
33.65426518223607,46.037994035064294
37.43467605711677,41.14024079516928
27.329101650181922,46.6632056971829
32.81096977644668,30.13561395375563
34.52084067125127,85.58941011628654
24.804747516554606,38.49800036601262
39.891636344035064,42.96398496545869
22.23203161732625,69.55541011190991
14.418366778262502,57.65435073119164
32.74725789499604,44.98199849488939
26.596161077529953,117.52594564661106
25.669276541360645,80.66580284089335
10.005886460498733,107.817892155608
10.309649120353068,108.83282304046347
26.299681178257554,99.70887274035258
28.413047847168205,95.83362458578345
33.63869415023947,57.03823307149751
18.636993122918312,84.07925439034857
28.567740375906702,111.70295069159391
29.10254286415778,108.98217866603562
36.26836424656463,43.54013691166874
22.670021261790154,89.57494691116834
12.72739069524469,75.24390366259163
33.96696813221128,109.64438574639276
30.777241531231045,93.52946440556396
16.025688205450603,37.99184864150351
12.526477897673436,105.36201159464234
